{
  "rows_original": 1004991,
  "rows_clean": 716689,
  "monthly_last_12_mean": 3228.9166666666665,
  "rf_metrics": {
    "accuracy": 0.9673219941676318,
    "precision": 0.9648120367102012,
    "recall": 0.9340267395668703,
    "f1": 0.9491698317959848,
    "roc_auc": 0.9966567264270579
  },
  "pca_var_2": 0.5212249859152711,
  "anomaly_rate": 0.0199375,
  "timestamp": "2025-08-22T18:37:29.420382Z"
}